Durchlauf;Typ;Dauer_s
1;0-RTT_noReplayNoPuncture;.063927000
2;0-RTT_noReplayNoPuncture;.067194000
3;0-RTT_noReplayNoPuncture;.062130000
4;0-RTT_noReplayNoPuncture;.065782000
5;0-RTT_noReplayNoPuncture;.061548000
6;0-RTT_noReplayNoPuncture;.061570000
7;0-RTT_noReplayNoPuncture;.062978000
8;0-RTT_noReplayNoPuncture;.061266000
9;0-RTT_noReplayNoPuncture;.063490000
10;0-RTT_noReplayNoPuncture;.074163000
11;0-RTT_noReplayNoPuncture;.064867000
12;0-RTT_noReplayNoPuncture;.063217000
13;0-RTT_noReplayNoPuncture;.066541000
14;0-RTT_noReplayNoPuncture;.060439000
15;0-RTT_noReplayNoPuncture;.062884000
16;0-RTT_noReplayNoPuncture;.069641000
17;0-RTT_noReplayNoPuncture;.065619000
18;0-RTT_noReplayNoPuncture;.071548000
19;0-RTT_noReplayNoPuncture;.067791000
20;0-RTT_noReplayNoPuncture;.068160000
21;0-RTT_noReplayNoPuncture;.064421000
22;0-RTT_noReplayNoPuncture;.062608000
23;0-RTT_noReplayNoPuncture;.068308000
24;0-RTT_noReplayNoPuncture;.066410000
25;0-RTT_noReplayNoPuncture;.061772000
26;0-RTT_noReplayNoPuncture;.063609000
27;0-RTT_noReplayNoPuncture;.064548000
28;0-RTT_noReplayNoPuncture;.064311000
29;0-RTT_noReplayNoPuncture;.070090000
30;0-RTT_noReplayNoPuncture;.072854000
