Durchlauf;Typ;Dauer_s
1;0-RTT_ReplayPuncture;.070867000
2;0-RTT_ReplayPuncture;.061748000
3;0-RTT_ReplayPuncture;.062134000
4;0-RTT_ReplayPuncture;.072581000
5;0-RTT_ReplayPuncture;.064568000
6;0-RTT_ReplayPuncture;.065919000
7;0-RTT_ReplayPuncture;.065190000
8;0-RTT_ReplayPuncture;.066005000
9;0-RTT_ReplayPuncture;.059259000
10;0-RTT_ReplayPuncture;.062801000
11;0-RTT_ReplayPuncture;.067516000
12;0-RTT_ReplayPuncture;.063045000
13;0-RTT_ReplayPuncture;.062291000
14;0-RTT_ReplayPuncture;.061724000
15;0-RTT_ReplayPuncture;.064685000
16;0-RTT_ReplayPuncture;.059039000
17;0-RTT_ReplayPuncture;.065365000
18;0-RTT_ReplayPuncture;.063405000
19;0-RTT_ReplayPuncture;.073290000
20;0-RTT_ReplayPuncture;.063274000
21;0-RTT_ReplayPuncture;.061730000
22;0-RTT_ReplayPuncture;.064429000
23;0-RTT_ReplayPuncture;.060826000
24;0-RTT_ReplayPuncture;.066337000
25;0-RTT_ReplayPuncture;.062694000
26;0-RTT_ReplayPuncture;.070237000
27;0-RTT_ReplayPuncture;.062385000
28;0-RTT_ReplayPuncture;.063356000
29;0-RTT_ReplayPuncture;.061519000
30;0-RTT_ReplayPuncture;.070886000
