Durchlauf;Typ;Dauer_s
1;Full;.090238000
1;1-RTT;1.631664000
1;0-RTT (replay/punct);.075174000
1;0-RTT (no replay/punct);.094817000
2;Full;.064527000
2;1-RTT;.614655000
2;0-RTT (replay/punct);.077477000
2;0-RTT (no replay/punct);.062360000
3;Full;.065794000
3;1-RTT;1.059369000
3;0-RTT (replay/punct);.076617000
3;0-RTT (no replay/punct);.057994000
4;Full;.065316000
4;1-RTT;.520241000
4;0-RTT (replay/punct);.073842000
4;0-RTT (no replay/punct);.057825000
5;Full;.062893000
5;1-RTT;.464889000
5;0-RTT (replay/punct);.077216000
5;0-RTT (no replay/punct);.060640000
6;Full;.066858000
6;1-RTT;.418377000
6;0-RTT (replay/punct);.076124000
6;0-RTT (no replay/punct);.059678000
7;Full;.065275000
7;1-RTT;.451752000
7;0-RTT (replay/punct);.071286000
7;0-RTT (no replay/punct);.057991000
8;Full;.064170000
8;1-RTT;.311040000
8;0-RTT (replay/punct);.073761000
8;0-RTT (no replay/punct);.058888000
9;Full;.064854000
9;1-RTT;.422319000
9;0-RTT (replay/punct);.076576000
9;0-RTT (no replay/punct);.059129000
10;Full;.060728000
10;1-RTT;.487110000
10;0-RTT (replay/punct);.072006000
10;0-RTT (no replay/punct);.065514000
